Node,Degree,Betweenness,Closeness,Eigenvector,Community
Brown,0.02280912364945978,0.003092102225505587,0.03242368375921797,0.6431595028776963,0
France,0.01680672268907563,0.0025837257980115126,0.02563724876453649,0.024726757881891777,1
england,0.013205282112845136,0.0020190768615138354,0.025023182925864956,0.02207437398139149,1
Tony Blair,0.009603841536614645,0.000968175731831194,0.022555606093369023,0.14271711810646717,0
Blair,0.009603841536614645,0.0013837265675500968,0.026899648748388242,0.2890039024366422,0
howard,0.008403361344537815,0.000756071659433004,0.01995303615951875,0.0946459053841289,0
Ireland,0.008403361344537815,0.0011090974851479059,0.021764955982392958,0.015094625522316045,1
wale,0.008403361344537815,0.002440399236617724,0.024874235408449092,0.014661930951874697,1
Liverpool,0.008403361344537815,0.0012524240465416937,0.013308508116622446,5.93042239768165e-05,3
labour,0.007202881152460984,0.0013245682888540031,0.025394773293932957,0.18852766741764113,0
Oscar,0.007202881152460984,4.3286545387385724e-05,0.007202881152460984,1.581906073548123e-184,6
Britain,0.006002400960384153,0.0007474143503555269,0.01941953251888991,0.05001085275842349,0
tory,0.006002400960384153,0.0006103402899621387,0.02327854218610521,0.09054364794148474,0
Andy Roddick,0.006002400960384153,0.000189017914858251,0.007944354212273144,8.268609501061892e-168,2
Andy Robinson,0.006002400960384153,2.8857696924923816e-05,0.006002400960384154,2.359972901417732e-208,8
rosneft,0.004801920768307323,4.3286545387385724e-05,0.0053475935828877,7.427571345750896e-212,4
China,0.004801920768307323,1.731461815495429e-05,0.004801920768307323,1.3029134588204679e-236,9
BBC,0.004801920768307323,1.731461815495429e-05,0.004801920768307323,1.3029134588204679e-236,14
Myskina,0.004801920768307323,0.0006492981808107859,0.019619115251734497,0.006239711714556132,1
Roddick,0.004801920768307323,0.00011254501800720288,0.006752701080432173,3.9019693519045702e-168,2
Fannie Mae,0.004801920768307323,1.731461815495429e-05,0.004801920768307323,1.3029134588204679e-236,12
Boeing,0.004801920768307323,2.5971927232431436e-05,0.005002000800320128,1.7623701589937618e-227,7
Team GB,0.004801920768307323,4.3286545387385724e-05,0.004524886877828054,6.3884462384781575e-223,5
Gazprom,0.003601440576230492,1.4428848462461908e-05,0.003841536614645858,4.74516427152504e-256,11
Gordon Brown,0.003601440576230492,0.0001558315633945886,0.017129493306756664,0.0411919378986483,0
irish,0.003601440576230492,0.00018276541385785076,0.019257472574283167,0.007820910216689118,1
Alan Milburn,0.003601440576230492,0.0006868131868131869,0.025938947007374376,0.1784492774613896,0
keane,0.003601440576230492,1.4428848462461908e-05,0.003841536614645858,4.745164271525036e-256,13
hollywood,0.003601440576230492,8.657309077477145e-06,0.003601440576230492,1.6278431987201417e-271,23
Campbell,0.003601440576230492,8.657309077477145e-06,0.003601440576230492,1.6278431987201417e-271,28
Cole,0.003601440576230492,1.4428848462461908e-05,0.003841536614645858,4.745164271525036e-256,16
Italy,0.003601440576230492,5.963924031150921e-05,0.019619115251734497,0.009732945762093539,1
James,0.003601440576230492,8.657309077477145e-06,0.003601440576230492,1.6278431987201417e-271,27
charlton,0.003601440576230492,1.4428848462461908e-05,0.003841536614645858,4.74516427152504e-256,18
Spain,0.003601440576230492,0.0003318635146366239,0.01890892103447714,0.005268645433139286,1
the Football Association,0.003601440576230492,0.0014399990765536985,0.015363498340512675,0.00019589217141321083,3
ferguson,0.003601440576230492,0.0016593175731831195,0.01785842542145063,0.0008038160505241365,3
Yukos,0.003601440576230492,4.040077569489334e-05,0.0053475935828877,6.283617104482653e-212,4
robinson,0.003601440576230492,0.0003318635146366239,0.01890892103447714,0.005268645433139286,1
olympic,0.003601440576230492,1.4428848462461908e-05,0.003841536614645858,4.745164271525036e-256,15
Cyril Saulnier,0.003601440576230492,0.0002077754178594515,0.008440876350540215,5.684566249251705e-168,2
Agassi,0.003601440576230492,8.657309077477145e-06,0.003601440576230492,1.6278431987201417e-271,29
Oliver Letwin,0.003601440576230492,0.0001558315633945886,0.024209683873549416,0.21058689825522972,0
Mirza,0.003601440576230492,8.657309077477145e-06,0.003601440576230492,1.6278431987201417e-271,30
Slovakia,0.003601440576230492,0.0003318635146366239,0.014023058887984722,0.0008218382357638589,1
Roger Federer,0.003601440576230492,1.4428848462461908e-05,0.003841536614645858,4.745164271525034e-256,19
rooney,0.003601440576230492,8.657309077477145e-06,0.003601440576230492,1.6278431987201417e-271,25
apple,0.003601440576230492,8.657309077477145e-06,0.003601440576230492,1.6278431987201417e-271,33
Blunkett,0.0024009603841536613,0.0,0.01696940458426361,0.0391872215386371,0
parliament,0.0024009603841536613,0.0,0.01696940458426361,0.0391872215386371,0
the Freedom of Information Act,0.0024009603841536613,0.0,0.02038473926155828,0.00794739232946513,1
Russia,0.0024009603841536613,1.731461815495429e-05,0.00392156862745098,3.5852586440061746e-212,4
Man Utd,0.0024009603841536613,2.8857696924923817e-06,0.0024009603841536613,1.180515e-317,35
CFCA,0.0024009603841536613,2.8857696924923817e-06,0.0024009603841536613,1.180515e-317,40
Heather Craney,0.0024009603841536613,2.8857696924923817e-06,0.0024009603841536613,1.180515e-317,51
Desperate housewife,0.0024009603841536613,2.8857696924923817e-06,0.0024009603841536613,1.180515e-317,43
Brigitte Nielsen,0.0024009603841536613,2.8857696924923817e-06,0.0024009603841536613,1.180515e-317,46
sideway,0.0024009603841536613,2.8857696924923817e-06,0.0024009603841536613,1.180515e-317,41
Egypt,0.0024009603841536613,2.8857696924923817e-06,0.0024009603841536613,1.180515e-317,39
Joss Stone,0.0024009603841536613,2.8857696924923817e-06,0.0024009603841536613,1.180515e-317,48
Blair and Brown,0.0024009603841536613,0.0,0.017049073150386916,0.039619092841296284,0
Sri Lanka,0.0024009603841536613,5.771539384984763e-06,0.0027010804321728693,1.8199887733857777e-287,21
Johnny Vaughan,0.0024009603841536613,2.8857696924923817e-06,0.0024009603841536613,1.180515e-317,47
Air China,0.0024009603841536613,1.1543078769969527e-05,0.0032012805122048817,1.482450108552953e-271,10
the London Stock Exchange,0.0024009603841536613,8.657309077477145e-06,0.0027439547247470413,1.283839453849856e-271,10
Nissan,0.0024009603841536613,2.8857696924923817e-06,0.0024009603841536613,1.180515e-317,36
Def Jam,0.0024009603841536613,2.8857696924923817e-06,0.0024009603841536613,1.180515e-317,44
Hilary Benn,0.0024009603841536613,5.771539384984763e-06,0.0027010804321728693,1.8199887733857777e-287,21
Grammy,0.0024009603841536613,5.771539384984763e-06,0.0027010804321728693,1.8199887733857777e-287,24
Deutsche Bank,0.0024009603841536613,8.657309077477145e-06,0.0032012805122048817,3.631791501126787e-256,11
the Screen Actors Guild Awards,0.0024009603841536613,2.8857696924923817e-06,0.0024009603841536613,1.180515e-317,42
Kennedy,0.0024009603841536613,0.0001558315633945886,0.02214300354288057,0.14529744894750182,0
the Lib Dems,0.0024009603841536613,0.00031743466617416207,0.02358086091579489,0.15894367359442427,0
UK athletic,0.0024009603841536613,3.462923630990858e-05,0.004524886877828054,4.4178019737452155e-223,5
anti - doping agency,0.0024009603841536613,1.731461815495429e-05,0.003095975232198142,1.7954859702072152e-223,5
Liberal Democrats,0.0024009603841536613,0.0001875750300120048,0.02148788509486635,0.06011967323810492,0
gebrselassie,0.0024009603841536613,2.8857696924923817e-06,0.0024009603841536613,1.180515e-317,55
moye u - turn,0.0024009603841536613,2.8857696924923817e-06,0.0024009603841536613,1.180515e-317,56
casey,0.0024009603841536613,2.8857696924923817e-06,0.0024009603841536613,1.180515e-317,45
Rod Stewart,0.0024009603841536613,5.771539384984763e-06,0.0027010804321728693,1.8199887733857777e-287,24
Luis Garcia,0.0024009603841536613,0.00016737464216455813,0.01129424742870121,1.3459576320937372e-05,3
celtic,0.0024009603841536613,8.657309077477145e-06,0.0027439547247470413,1.2838394538498545e-271,17
Academy Awards,0.0024009603841536613,2.8857696924923817e-06,0.0024009603841536613,1.180515e-317,50
Charles Kennedy,0.0024009603841536613,0.0001558315633945886,0.02214300354288057,0.14529744894750182,0
Chelsea,0.0024009603841536613,0.00016737464216455813,0.01129424742870121,1.3459576320937372e-05,3
Eriksson,0.0024009603841536613,0.0001558315633945886,0.02214300354288057,0.14529744894750182,0
Giggs,0.0024009603841536613,0.0003289777449441315,0.018823745714502016,0.003335686028755728,1
Manchester United,0.0024009603841536613,0.00016737464216455813,0.015031912045393697,0.0007570610940676589,1
Ryan Giggs,0.0024009603841536613,0.0017256902761104442,0.020894357743097235,0.003345800818007986,3
London,0.0024009603841536613,8.657309077477145e-06,0.0027439547247470413,1.283839453849856e-271,10
Jose Mourinho,0.0024009603841536613,8.657309077477145e-06,0.0032012805122048817,3.631791501126783e-256,16
Australia,0.0024009603841536613,5.771539384984763e-06,0.0027010804321728693,1.8199887733857804e-287,32
South Africa,0.0024009603841536613,5.771539384984763e-06,0.0027010804321728693,1.8199887733857804e-287,32
collins,0.0024009603841536613,2.8857696924923816e-05,0.00392156862745098,2.9419106046722437e-223,5
oscar,0.0024009603841536613,2.8857696924923817e-06,0.0024009603841536613,1.180515e-317,52
Werner Seifert,0.0024009603841536613,2.8857696924923817e-06,0.0024009603841536613,1.180515e-317,38
ranger,0.0024009603841536613,1.1543078769969527e-05,0.0032012805122048817,1.4824501085529514e-271,17
benitez,0.0024009603841536613,2.8857696924923817e-06,0.0024009603841536613,1.180515e-317,57
spur,0.0024009603841536613,2.8857696924923817e-06,0.0024009603841536613,1.180515e-317,58
great british Spelling Test,0.0024009603841536613,8.657309077477145e-06,0.0032012805122048817,3.631791501126783e-256,15
Carling Cup,0.0024009603841536613,5.771539384984763e-06,0.0027010804321728693,1.8199887733857777e-287,26
Bolton,0.0024009603841536613,8.657309077477145e-06,0.0032012805122048817,3.631791501126787e-256,18
Mauritius,0.0024009603841536613,2.8857696924923817e-06,0.0024009603841536613,1.180515e-317,59
Zambia,0.0024009603841536613,2.8857696924923817e-06,0.0024009603841536613,1.180515e-317,60
Fulham,0.0024009603841536613,5.771539384984763e-06,0.0027010804321728693,1.8199887733857777e-287,26
Europe,0.0024009603841536613,2.8857696924923817e-06,0.0024009603841536613,1.180515e-317,54
McClaren,0.0024009603841536613,2.8857696924923817e-06,0.0024009603841536613,1.180515e-317,61
Cabinet,0.0024009603841536613,0.0001558315633945886,0.01941953251888991,0.06528944930772787,0
FSA,0.0024009603841536613,2.8857696924923817e-06,0.0024009603841536613,1.180515e-317,37
kilmarnock,0.0024009603841536613,8.657309077477145e-06,0.0027439547247470413,1.2838394538498545e-271,17
Danny Grewcock,0.0024009603841536613,0.00016737464216455813,0.018739334298741916,0.005009958842992385,1
Briton,0.0024009603841536613,2.8857696924923817e-06,0.0024009603841536613,1.180515e-317,53
Scotland,0.0024009603841536613,0.00016737464216455813,0.01908160524483766,0.0056119389575144995,1
leed v Saracens,0.0024009603841536613,2.8857696924923817e-06,0.0024009603841536613,1.180515e-317,62
Franz ferdinand,0.0024009603841536613,8.657309077477145e-06,0.0032012805122048817,3.631791501126783e-256,13
Simon Amor,0.0024009603841536613,2.8857696924923817e-06,0.0024009603841536613,1.180515e-317,63
Argentina,0.0024009603841536613,0.0004848093083387201,0.017126522740243635,0.0034433071647504833,1
Airbus,0.0024009603841536613,1.1543078769969527e-05,0.003751500600240096,1.1068592750639243e-227,7
Mary Poppins,0.0024009603841536613,2.8857696924923817e-06,0.0024009603841536613,1.180515e-317,49
Sullivan,0.0024009603841536613,2.8857696924923817e-06,0.0024009603841536613,1.180515e-317,34
russian,0.0024009603841536613,2.8857696924923817e-06,0.0024009603841536613,1.180515e-317,64
Albert Montanes,0.0024009603841536613,2.8857696924923817e-06,0.0024009603841536613,1.180515e-317,65
davenport,0.0024009603841536613,2.8857696924923817e-06,0.0024009603841536613,1.180515e-317,66
s&n,0.0024009603841536613,5.771539384984763e-06,0.0027010804321728693,1.8199887733857804e-287,20
Newcastle,0.0024009603841536613,5.771539384984763e-06,0.0027010804321728693,1.8199887733857804e-287,20
Elena Likhovtseva,0.0024009603841536613,2.8857696924923817e-06,0.0024009603841536613,1.180515e-317,67
bogdanovic,0.0024009603841536613,4.040077569489334e-05,0.004356581342214305,5.525420080649041e-169,2
Lleyton Hewitt,0.0024009603841536613,4.040077569489334e-05,0.005871913982984498,3.718084481396463e-168,2
Jeremy Bates,0.0024009603841536613,2.8857696924923817e-06,0.0024009603841536613,1.180515e-317,68
the Lawn Tennis Association,0.0024009603841536613,7.503001200480193e-05,0.005402160864345738,1.2287924388165922e-168,2
Samantha Stosur,0.0024009603841536613,2.8857696924923817e-06,0.0024009603841536613,1.180515e-317,69
Christian Slater,0.0024009603841536613,5.771539384984763e-06,0.0027010804321728693,1.8199887733857777e-287,22
Nathalie Dechy,0.0024009603841536613,2.8857696924923817e-06,0.0024009603841536613,1.180515e-317,70
Fabrice Santoro,0.0024009603841536613,8.657309077477145e-06,0.0032012805122048817,3.6317915011267815e-256,19
UKIP,0.0024009603841536613,0.0001558315633945886,0.015194362263733944,0.01129805171652709,0
Carlos Moya,0.0024009603841536613,1.8757503001200482e-05,0.005871913982984498,4.4929120737580155e-168,2
capriati,0.0024009603841536613,2.8857696924923817e-06,0.0024009603841536613,1.180515e-317,71
Bob Bryan,0.0024009603841536613,1.4428848462461908e-06,0.0027010804321728693,8.686089725469766e-237,31
Juan Carlos Ferrero,0.0024009603841536613,1.4428848462461908e-06,0.0027010804321728693,8.686089725469766e-237,31
Tommy Robredo,0.0024009603841536613,1.4428848462461908e-06,0.0027010804321728693,8.686089725469766e-237,31
Mike,0.0024009603841536613,1.4428848462461908e-06,0.0027010804321728693,8.686089725469766e-237,31
Rafael Nadal,0.0024009603841536613,1.8757503001200482e-05,0.005871913982984498,4.4929120737580155e-168,2
mardy fish,0.0024009603841536613,1.4428848462461908e-06,0.004657035227884257,3.4462620868040993e-168,2
Tim Henman,0.0024009603841536613,0.00010388770892972574,0.006752701080432173,2.65142579556863e-168,2
Michael Howard,0.0024009603841536613,0.0,0.020401418994564116,0.09300463808568984,0
Grand Slams,0.0024009603841536613,0.00016737464216455813,0.015534838470704268,0.0014161533599284027,1
Google,0.0024009603841536613,2.8857696924923817e-06,0.0024009603841536613,1.180515e-317,75
slater,0.0024009603841536613,5.771539384984763e-06,0.0027010804321728693,1.8199887733857777e-287,22
Hurricane Ivan,0.0024009603841536613,2.8857696924923817e-06,0.0024009603841536613,1.180515e-317,72
IBM,0.0024009603841536613,2.8857696924923817e-06,0.0024009603841536613,1.180515e-317,73
Macintosh,0.0024009603841536613,2.8857696924923817e-06,0.0024009603841536613,1.180515e-317,74
the Ministry of Commerce,0.0012004801920768306,0.0,0.0012004801920768306,0.0,101
Hugo Chavez,0.0012004801920768306,0.0,0.0027439547247470413,6.514567294102339e-237,9
Honda,0.0012004801920768306,0.0,0.0027439547247470413,6.514567294102339e-237,9
the Association for Payment Clearing Services ( Apacs ) apac,0.0012004801920768306,0.0,0.0012004801920768306,0.0,102
Helen Carroll,0.0012004801920768306,0.0,0.0012004801920768306,0.0,102
Interbrew,0.0012004801920768306,0.0,0.0012004801920768306,0.0,103
ambev,0.0012004801920768306,0.0,0.0012004801920768306,0.0,103
World Bank,0.0012004801920768306,0.0,0.0016006402561024409,8.3475e-318,39
m furse,0.0012004801920768306,0.0,0.0016006402561024409,8.3475e-318,38
Laura Ashley,0.0012004801920768306,0.0,0.0012004801920768306,0.0,104
m Mohd - Saaid,0.0012004801920768306,0.0,0.0012004801920768306,0.0,104
tsunami,0.0012004801920768306,0.0,0.001800720288115246,1.1248149210956407e-287,21
citigroup,0.0012004801920768306,0.0,0.0012004801920768306,0.0,105
Standard Chartered,0.0012004801920768306,0.0,0.0012004801920768306,0.0,105
Judy Boynton,0.0012004801920768306,0.0,0.0012004801920768306,0.0,106
shell,0.0012004801920768306,0.0,0.0012004801920768306,0.0,106
yuganskneftegaz,0.0012004801920768306,0.0,0.003460207612456747,3.367068349980458e-212,4
Standard & Poor 's,0.0012004801920768306,0.0,0.0012004801920768306,0.0,107
Pakistan,0.0012004801920768306,0.0,0.0012004801920768306,0.0,107
bell,0.0012004801920768306,0.0,0.0012004801920768306,0.0,108
mcdonald,0.0012004801920768306,0.0,0.0012004801920768306,0.0,108
Quinlan Private - buy,0.0012004801920768306,0.0,0.0012004801920768306,0.0,109
savoy,0.0012004801920768306,0.0,0.0012004801920768306,0.0,109
israeli,0.0012004801920768306,0.0,0.0016006402561024409,8.3475e-318,39
Hosni Mubarak,0.0012004801920768306,0.0,0.0012004801920768306,0.0,110
Ariel Sharon,0.0012004801920768306,0.0,0.0012004801920768306,0.0,110
Anil,0.0012004801920768306,0.0,0.0012004801920768306,0.0,111
Anand Jain,0.0012004801920768306,0.0,0.0012004801920768306,0.0,111
Indonesia,0.0012004801920768306,0.0,0.0012004801920768306,0.0,112
Paris Club,0.0012004801920768306,0.0,0.0012004801920768306,0.0,112
Asia,0.0012004801920768306,0.0,0.0016006402561024409,8.3475e-318,54
Crown Prince Frederik,0.0012004801920768306,0.0,0.0012004801920768306,0.0,113
New York,0.0012004801920768306,0.0,0.0012004801920768306,0.0,113
Queen Mary,0.0012004801920768306,0.0,0.0012004801920768306,0.0,114
the Ugly duckling,0.0012004801920768306,0.0,0.0012004801920768306,0.0,114
Pamela Travers,0.0012004801920768306,0.0,0.0016006402561024409,8.3475e-318,49
the Theatregoers ' Choice Awards,0.0012004801920768306,0.0,0.001800720288115246,1.1248149210956407e-287,22
McCaughrean,0.0012004801920768306,0.0,0.0012004801920768306,0.0,115
the Whitbread Prize,0.0012004801920768306,0.0,0.0012004801920768306,0.0,115
the Canadian Broadcasting Corporation,0.0012004801920768306,0.0,0.0012004801920768306,0.0,116
flight,0.0012004801920768306,0.0,0.0012004801920768306,0.0,116
Dallas Roberts,0.0012004801920768306,0.0,0.001800720288115246,1.1248149210956407e-287,22
alicia Markova,0.0012004801920768306,0.0,0.0012004801920768306,0.0,117
World War II,0.0012004801920768306,0.0,0.0012004801920768306,0.0,117
Thomas Haden Church,0.0012004801920768306,0.0,0.0016006402561024409,8.3475e-318,40
Imelda Staunton,0.0012004801920768306,0.0,0.0016006402561024409,8.3475e-318,40
the Southeastern Film Critics,0.0012004801920768306,0.0,0.0016006402561024409,8.3475e-318,41
Roger Deakins,0.0012004801920768306,0.0,0.0012004801920768306,0.0,118
the Technical Achievement Award,0.0012004801920768306,0.0,0.0012004801920768306,0.0,118
Takuo Miyagishima,0.0012004801920768306,0.0,0.003928844264978719,6.458104502004232e-185,6
Evans,0.0012004801920768306,0.0,0.0012004801920768306,0.0,119
mann,0.0012004801920768306,0.0,0.0012004801920768306,0.0,119
Walter Salles,0.0012004801920768306,0.0,0.0012004801920768306,0.0,120
the Motorcycle diary,0.0012004801920768306,0.0,0.0012004801920768306,0.0,120
Kwon - Taek,0.0012004801920768306,0.0,0.0012004801920768306,0.0,121
Golden Bear,0.0012004801920768306,0.0,0.0012004801920768306,0.0,121
Jugnot,0.0012004801920768306,0.0,0.0012004801920768306,0.0,122
Gerard Jugnot - star,0.0012004801920768306,0.0,0.0012004801920768306,0.0,122
Paul Rusesabagina,0.0012004801920768306,0.0,0.0012004801920768306,0.0,123
Cheadle,0.0012004801920768306,0.0,0.0012004801920768306,0.0,123
Hilary Swank,0.0012004801920768306,0.0,0.0016006402561024409,8.3475e-318,42
Jamie Foxx,0.0012004801920768306,0.0,0.0016006402561024409,8.3475e-318,42
Alan Titchmarsh,0.0012004801920768306,0.0,0.0012004801920768306,0.0,124
Ground Force,0.0012004801920768306,0.0,0.0012004801920768306,0.0,124
Brando,0.0012004801920768306,0.0,0.0012004801920768306,0.0,125
electronic Arts,0.0012004801920768306,0.0,0.0012004801920768306,0.0,125
Independent Spirit Awards,0.0012004801920768306,0.0,0.0016006402561024409,8.3475e-318,41
will Smith,0.0012004801920768306,0.0,0.0012004801920768306,0.0,126
Cesar,0.0012004801920768306,0.0,0.0012004801920768306,0.0,126
the 77th Academy Awards,0.0012004801920768306,0.0,0.0021608643457382954,9.398357089795751e-272,23
Ron Howard,0.0012004801920768306,0.0,0.0012004801920768306,0.0,127
Tautou,0.0012004801920768306,0.0,0.0012004801920768306,0.0,127
Floella Benjamin,0.0012004801920768306,0.0,0.0012004801920768306,0.0,128
the Special Award,0.0012004801920768306,0.0,0.0012004801920768306,0.0,128
Ray,0.0012004801920768306,0.0,0.0012004801920768306,0.0,129
Guild Award,0.0012004801920768306,0.0,0.0012004801920768306,0.0,129
the US Federal Communications Commission,0.0012004801920768306,0.0,0.0012004801920768306,0.0,130
CBS,0.0012004801920768306,0.0,0.0012004801920768306,0.0,130
Swank,0.0012004801920768306,0.0,0.0012004801920768306,0.0,131
Best Actress,0.0012004801920768306,0.0,0.0012004801920768306,0.0,131
Miyazaki,0.0012004801920768306,0.0,0.003928844264978719,6.458104502004232e-185,6
Marlon Brando,0.0012004801920768306,0.0,0.0012004801920768306,0.0,132
the Academy Award,0.0012004801920768306,0.0,0.0012004801920768306,0.0,132
Felicity Huffman,0.0012004801920768306,0.0,0.0016006402561024409,8.3475e-318,43
Marcia Cross,0.0012004801920768306,0.0,0.0016006402561024409,8.3475e-318,43
dicaprio,0.0012004801920768306,0.0,0.0012004801920768306,0.0,133
Howard Hughes,0.0012004801920768306,0.0,0.0012004801920768306,0.0,133
Nicky Wire,0.0012004801920768306,0.0,0.0012004801920768306,0.0,134
Phil Jupitus,0.0012004801920768306,0.0,0.0012004801920768306,0.0,134
Jay - Z,0.0012004801920768306,0.0,0.0012004801920768306,0.0,135
the Island Def Jam Music Group,0.0012004801920768306,0.0,0.0012004801920768306,0.0,135
Rick Rubin,0.0012004801920768306,0.0,0.0016006402561024409,8.3475e-318,44
Russell Simmons,0.0012004801920768306,0.0,0.0016006402561024409,8.3475e-318,44
Merle Kilgore,0.0012004801920768306,0.0,0.0012004801920768306,0.0,136
Ring of fire,0.0012004801920768306,0.0,0.0012004801920768306,0.0,136
Black America,0.0012004801920768306,0.0,0.0012004801920768306,0.0,137
Bob,0.0012004801920768306,0.0,0.0012004801920768306,0.0,137
Brian McFadden,0.0012004801920768306,0.0,0.0016006402561024409,8.3475e-318,45
Damien Rice,0.0012004801920768306,0.0,0.0016006402561024409,8.3475e-318,45
pj harvey,0.0012004801920768306,0.0,0.0012004801920768306,0.0,138
Kylie Minogue,0.0012004801920768306,0.0,0.0012004801920768306,0.0,138
Snow Patrol,0.0012004801920768306,0.0,0.0012004801920768306,0.0,139
the Meteor Awards,0.0012004801920768306,0.0,0.0012004801920768306,0.0,139
Johnson,0.0012004801920768306,0.0,0.0012004801920768306,0.0,140
Dre,0.0012004801920768306,0.0,0.0012004801920768306,0.0,140
Kanye West,0.0012004801920768306,0.0,0.0012004801920768306,0.0,141
grammys,0.0012004801920768306,0.0,0.0012004801920768306,0.0,141
razorlight,0.0012004801920768306,0.0,0.0024009603841536613,2.5680643983024197e-256,13
Rapper Eminem,0.0012004801920768306,0.0,0.0012004801920768306,0.0,142
Elvis,0.0012004801920768306,0.0,0.0012004801920768306,0.0,142
Stevie Wonder,0.0012004801920768306,0.0,0.0012004801920768306,0.0,143
Billboard 's Century Award,0.0012004801920768306,0.0,0.0012004801920768306,0.0,143
Newcomer Ciara - who,0.0012004801920768306,0.0,0.0012004801920768306,0.0,144
Elvis Presley,0.0012004801920768306,0.0,0.0012004801920768306,0.0,144
housewife,0.0012004801920768306,0.0,0.0012004801920768306,0.0,145
Channel 4,0.0012004801920768306,0.0,0.0012004801920768306,0.0,145
Bez,0.0012004801920768306,0.0,0.0016006402561024409,8.3475e-318,46
John,0.0012004801920768306,0.0,0.0016006402561024409,8.3475e-318,46
Tim Kash,0.0012004801920768306,0.0,0.0012004801920768306,0.0,146
the all New Top of the pop,0.0012004801920768306,0.0,0.0012004801920768306,0.0,146
Denise,0.0012004801920768306,0.0,0.0016006402561024409,8.3475e-318,47
johnny,0.0012004801920768306,0.0,0.0016006402561024409,8.3475e-318,47
little Britain,0.0012004801920768306,0.0,0.0027439547247470413,6.514567294102339e-237,14
Freeview,0.0012004801920768306,0.0,0.0027439547247470413,6.514567294102339e-237,14
Redmond,0.0012004801920768306,0.0,0.0012004801920768306,0.0,147
hollyoak to Channel 4,0.0012004801920768306,0.0,0.0012004801920768306,0.0,147
David Walliams,0.0012004801920768306,0.0,0.01506826797108885,0.010773719693571075,0
Matt Lucas,0.0012004801920768306,0.0,0.01506826797108885,0.010773719693571075,0
icrc,0.0012004801920768306,0.0,0.0012004801920768306,0.0,148
Gazetta,0.0012004801920768306,0.0,0.0012004801920768306,0.0,148
Morrissey,0.0012004801920768306,0.0,0.002134187008136588,1.9655113969539175e-256,13
Spooks Interactive,0.0012004801920768306,0.0,0.002134187008136588,1.9655113969539175e-256,15
Guardian,0.0012004801920768306,0.0,0.0012004801920768306,0.0,149
the Tour de France,0.0012004801920768306,0.0,0.0012004801920768306,0.0,149
Christopher Lee,0.0012004801920768306,0.0,0.0012004801920768306,0.0,150
Fireside tale,0.0012004801920768306,0.0,0.0012004801920768306,0.0,150
Rob Da Bank,0.0012004801920768306,0.0,0.0012004801920768306,0.0,151
the John Peel Show,0.0012004801920768306,0.0,0.0012004801920768306,0.0,151
size,0.0012004801920768306,0.0,0.0012004801920768306,0.0,152
Mercury Music Prize,0.0012004801920768306,0.0,0.0012004801920768306,0.0,152
Kombou,0.0012004801920768306,0.0,0.0012004801920768306,0.0,153
Vince Everett,0.0012004801920768306,0.0,0.0012004801920768306,0.0,153
Steve Coogan,0.0012004801920768306,0.0,0.0012004801920768306,0.0,154
Wilson,0.0012004801920768306,0.0,0.0012004801920768306,0.0,154
Britney Spears,0.0012004801920768306,0.0,0.0012004801920768306,0.0,155
spear,0.0012004801920768306,0.0,0.0012004801920768306,0.0,155
Dizzee Rascal,0.0012004801920768306,0.0,0.0016006402561024409,8.3475e-318,48
Jamelia,0.0012004801920768306,0.0,0.0016006402561024409,8.3475e-318,48
Love,0.0012004801920768306,0.0,0.0012004801920768306,0.0,156
Kristin king,0.0012004801920768306,0.0,0.0012004801920768306,0.0,156
Bill Clinton,0.0012004801920768306,0.0,0.001800720288115246,1.1248149210956407e-287,24
BBC one,0.0012004801920768306,0.0,0.0012004801920768306,0.0,157
Different Story,0.0012004801920768306,0.0,0.0012004801920768306,0.0,157
Nathan Lane,0.0012004801920768306,0.0,0.0012004801920768306,0.0,158
Lee Evans,0.0012004801920768306,0.0,0.0012004801920768306,0.0,158
producer,0.0012004801920768306,0.0,0.0016006402561024409,8.3475e-318,49
the Society of London,0.0012004801920768306,0.0,0.0012004801920768306,0.0,159
the Olivier Awards,0.0012004801920768306,0.0,0.0012004801920768306,0.0,159
conti,0.0012004801920768306,0.0,0.003928844264978719,6.458104502004232e-185,6
Goodrem,0.0012004801920768306,0.0,0.0012004801920768306,0.0,160
the Pepsi Viewers Choice Award,0.0012004801920768306,0.0,0.0012004801920768306,0.0,160
Clapton,0.0012004801920768306,0.0,0.0012004801920768306,0.0,161
Buddy Guy,0.0012004801920768306,0.0,0.0012004801920768306,0.0,161
Percy Sledge,0.0012004801920768306,0.0,0.001800720288115246,1.1248149210956407e-287,24
Springsteen,0.0012004801920768306,0.0,0.0012004801920768306,0.0,162
bono,0.0012004801920768306,0.0,0.0012004801920768306,0.0,162
malkovich,0.0012004801920768306,0.0,0.0012004801920768306,0.0,163
Humma Kavula,0.0012004801920768306,0.0,0.0012004801920768306,0.0,163
Robert Redford,0.0012004801920768306,0.0,0.0012004801920768306,0.0,164
sundance,0.0012004801920768306,0.0,0.0012004801920768306,0.0,164
Victoria Wood,0.0012004801920768306,0.0,0.0012004801920768306,0.0,165
Cohen,0.0012004801920768306,0.0,0.0012004801920768306,0.0,165
Dudley Nichols,0.0012004801920768306,0.0,0.0012004801920768306,0.0,166
Academy Award,0.0012004801920768306,0.0,0.0012004801920768306,0.0,166
the Academy Awards,0.0012004801920768306,0.0,0.0016006402561024409,8.3475e-318,50
"Ferry , Mackay",0.0012004801920768306,0.0,0.0012004801920768306,0.0,167
Roxy Music,0.0012004801920768306,0.0,0.0012004801920768306,0.0,167
Fuller,0.0012004801920768306,0.0,0.0012004801920768306,0.0,168
American Idol,0.0012004801920768306,0.0,0.0012004801920768306,0.0,168
Simon Fuller,0.0012004801920768306,0.0,0.0012004801920768306,0.0,169
idol,0.0012004801920768306,0.0,0.0012004801920768306,0.0,169
Vera Drake,0.0012004801920768306,0.0,0.003928844264978719,6.458104502004232e-185,6
Morgan Spurlock,0.0012004801920768306,0.0,0.0012004801920768306,0.0,170
McDonalds,0.0012004801920768306,0.0,0.0012004801920768306,0.0,170
Charles,0.0012004801920768306,0.0,0.0012004801920768306,0.0,171
Grammy Awards,0.0012004801920768306,0.0,0.0012004801920768306,0.0,171
Jolin,0.0012004801920768306,0.0,0.0012004801920768306,0.0,172
Phil Davis,0.0012004801920768306,0.0,0.0012004801920768306,0.0,172
Kate Winslet,0.0012004801920768306,0.0,0.0016006402561024409,8.3475e-318,51
Natalie Portman,0.0012004801920768306,0.0,0.0016006402561024409,8.3475e-318,51
Sienna Miller,0.0012004801920768306,0.0,0.0012004801920768306,0.0,173
glamour,0.0012004801920768306,0.0,0.0012004801920768306,0.0,173
Leonardo dicaprio,0.0012004801920768306,0.0,0.0021608643457382954,9.398357089795751e-272,23
Pierce Brosnan,0.0012004801920768306,0.0,0.0021608643457382954,9.398357089795751e-272,23
Harry Potter,0.0012004801920768306,0.0,0.0012004801920768306,0.0,174
the Orange Film of the year,0.0012004801920768306,0.0,0.0012004801920768306,0.0,174
amadeus,0.0012004801920768306,0.0,0.0012004801920768306,0.0,175
the Killing Fields,0.0012004801920768306,0.0,0.0012004801920768306,0.0,175
titanic,0.0012004801920768306,0.0,0.0016006402561024409,8.3475e-318,52
Dave Karger,0.0012004801920768306,0.0,0.0016006402561024409,8.3475e-318,52
Sky Movies 1,0.0012004801920768306,0.0,0.0016006402561024409,8.3475e-318,50
Oscar Three,0.0012004801920768306,0.0,0.0016006402561024409,8.3475e-318,53
eastwood,0.0012004801920768306,0.0,0.003928844264978719,6.458104502004232e-185,6
arnold,0.0012004801920768306,0.0,0.0012004801920768306,0.0,176
Motormouth,0.0012004801920768306,0.0,0.0012004801920768306,0.0,176
Sandy Powell,0.0012004801920768306,0.0,0.003928844264978719,6.458104502004232e-185,6
Debra Hill,0.0012004801920768306,0.0,0.0012004801920768306,0.0,177
screenwriter,0.0012004801920768306,0.0,0.0012004801920768306,0.0,177
Manchester the Labour Party,0.0012004801920768306,0.0,0.01843376944686504,0.040614069371139566,0
Digby Jones,0.0012004801920768306,0.0,0.02187622036766514,0.1385543301117518,0
Fox,0.0012004801920768306,0.0,0.019214034820277316,0.06225942697360033,0
Newsnight,0.0012004801920768306,0.0,0.0021608643457382954,9.398357089795751e-272,28
Peter Mandelson,0.0012004801920768306,0.0,0.0027439547247470413,6.514567294102339e-237,14
Jack Cunningham,0.0012004801920768306,0.0,0.0012004801920768306,0.0,178
Butler,0.0012004801920768306,0.0,0.0012004801920768306,0.0,178
the Welsh Assembly Government,0.0012004801920768306,0.0,0.0012004801920768306,0.0,179
the Arts Council of Wales,0.0012004801920768306,0.0,0.0012004801920768306,0.0,179
Makarov,0.0012004801920768306,0.0,0.0012004801920768306,0.0,180
KGB,0.0012004801920768306,0.0,0.0012004801920768306,0.0,180
Kelly,0.0012004801920768306,0.0,0.01506826797108885,0.014065151601931057,0
MAB,0.0012004801920768306,0.0,0.0012004801920768306,0.0,181
muslim,0.0012004801920768306,0.0,0.0012004801920768306,0.0,181
the United Kingdom,0.0012004801920768306,0.0,0.0012004801920768306,0.0,182
Treaty,0.0012004801920768306,0.0,0.0012004801920768306,0.0,182
Nicola sturgeon,0.0012004801920768306,0.0,0.0012004801920768306,0.0,183
McLetchie,0.0012004801920768306,0.0,0.0012004801920768306,0.0,183
Africa,0.0012004801920768306,0.0,0.02187622036766514,0.1385543301117518,0
Parker Bowles,0.0012004801920768306,0.0,0.0012004801920768306,0.0,184
Princess Consort,0.0012004801920768306,0.0,0.0012004801920768306,0.0,184
Massoud Shadjareh,0.0012004801920768306,0.0,0.0012004801920768306,0.0,185
m blear,0.0012004801920768306,0.0,0.0012004801920768306,0.0,185
Hockney,0.0012004801920768306,0.0,0.012394036112738609,0.0024339125522475783,0
Lucy,0.0012004801920768306,0.0,0.0012004801920768306,0.0,186
pound,0.0012004801920768306,0.0,0.0012004801920768306,0.0,186
Alan Duncan,0.0012004801920768306,0.0,0.02187622036766514,0.1385543301117518,0
Vincent Cable,0.0012004801920768306,0.0,0.02187622036766514,0.1385543301117518,0
Aceh,0.0012004801920768306,0.0,0.001800720288115246,1.1248149210956407e-287,21
Yeo,0.0012004801920768306,0.0,0.01538751093657802,0.02038934348267246,0
Alan Clark,0.0012004801920768306,0.0,0.0012004801920768306,0.0,187
nichola,0.0012004801920768306,0.0,0.0012004801920768306,0.0,187
Goldsmith,0.0012004801920768306,0.0,0.01689047712108099,0.030745211112089516,0
Oliver Finegold,0.0012004801920768306,0.0,0.0012004801920768306,0.0,188
Livingstone,0.0012004801920768306,0.0,0.0012004801920768306,0.0,188
Llanelli Grammar School - and,0.0012004801920768306,0.0,0.01538751093657802,0.02038934348267246,0
John McCain,0.0012004801920768306,0.0,0.019214034820277316,0.06225942697360033,0
Crosby,0.0012004801920768306,0.0,0.01538751093657802,0.02038934348267246,0
mozambique,0.0012004801920768306,0.0,0.02187622036766514,0.1385543301117518,0
Tanzania,0.0012004801920768306,0.0,0.02187622036766514,0.1385543301117518,0
mccabe,0.0012004801920768306,0.0,0.0012004801920768306,0.0,189
8.1bn,0.0012004801920768306,0.0,0.0012004801920768306,0.0,189
Campbell - Savours,0.0012004801920768306,0.0,0.02187622036766514,0.1385543301117518,0
conservative,0.0012004801920768306,0.0,0.016658039362534002,0.031301085680601075,0
Robert Kilroy - Silk,0.0012004801920768306,0.0,0.0012004801920768306,0.0,190
Independence Party,0.0012004801920768306,0.0,0.0012004801920768306,0.0,190
labour party,0.0012004801920768306,0.0,0.019214034820277316,0.06225942697360033,0
Baroness Amos,0.0012004801920768306,0.0,0.0012004801920768306,0.0,191
kinnock,0.0012004801920768306,0.0,0.0012004801920768306,0.0,191
Josef Stalin,0.0012004801920768306,0.0,0.0012004801920768306,0.0,192
the Cold War,0.0012004801920768306,0.0,0.0012004801920768306,0.0,192
galloway,0.0012004801920768306,0.0,0.0012004801920768306,0.0,193
telegraph,0.0012004801920768306,0.0,0.0012004801920768306,0.0,193
liberal,0.0012004801920768306,0.0,0.01843376944686504,0.040614069371139566,0
labour mp,0.0012004801920768306,0.0,0.0012004801920768306,0.0,194
Jackson,0.0012004801920768306,0.0,0.0012004801920768306,0.0,194
Ian McCartney,0.0012004801920768306,0.0,0.017801238142315746,0.045366237282532126,0
Erewash,0.0012004801920768306,0.0,0.017292631338249587,0.019505603866965354,0
Maserati,0.0012004801920768306,0.0,0.0012004801920768306,0.0,79
Leicester South,0.0012004801920768306,0.0,0.016658039362534002,0.031301085680601075,0
Caroline Spelman,0.0012004801920768306,0.0,0.017292631338249587,0.019505603866965354,0
Westminster,0.0012004801920768306,0.0,0.02187622036766514,0.1385543301117518,0
iPod,0.0012004801920768306,0.0,0.0012004801920768306,0.0,290
Simon Hughes,0.0012004801920768306,0.0,0.01538751093657802,0.02038934348267246,0
Liam Fox,0.0012004801920768306,0.0,0.01843376944686504,0.040614069371139566,0
Michael Fallon,0.0012004801920768306,0.0,0.02187622036766514,0.1385543301117518,0
milburn,0.0012004801920768306,0.0,0.02187622036766514,0.1385543301117518,0
the Pro - life Alliance,0.0012004801920768306,0.0,0.01538751093657802,0.02038934348267246,0
WPP,0.0012004801920768306,0.0,0.0012004801920768306,0.0,77
Grey Global,0.0012004801920768306,0.0,0.0012004801920768306,0.0,77
El Guerrouj,0.0012004801920768306,0.0,0.0012004801920768306,0.0,195
Bekele,0.0012004801920768306,0.0,0.0012004801920768306,0.0,195
the US Agriculture Department,0.0012004801920768306,0.0,0.0027439547247470413,6.514567294102339e-237,9
BMW,0.0012004801920768306,0.0,0.0012004801920768306,0.0,78
turnbull,0.0012004801920768306,0.0,0.0016006402561024409,8.3475e-318,54
Kenyan Susan Chepkemei,0.0012004801920768306,0.0,0.0016006402561024409,8.3475e-318,53
Balco,0.0012004801920768306,0.0,0.0023529411764705885,8.5013913147774075e-224,5
Kenteris,0.0012004801920768306,0.0,0.0024009603841536613,2.5680643983024197e-256,15
Thanou,0.0012004801920768306,0.0,0.0024009603841536613,2.5680643983024197e-256,15
Rover,0.0012004801920768306,0.0,0.0012004801920768306,0.0,78
Jaouad Gharib,0.0012004801920768306,0.0,0.0016006402561024409,8.3475e-318,55
Stefano Baldini,0.0012004801920768306,0.0,0.0016006402561024409,8.3475e-318,55
Sotherton Jade Johnson,0.0012004801920768306,0.0,0.0012004801920768306,0.0,196
Kelly Sotherton,0.0012004801920768306,0.0,0.0012004801920768306,0.0,196
Chris Tomlinson,0.0012004801920768306,0.0,0.003095975232198142,3.0248457669904643e-223,5
holme,0.0012004801920768306,0.0,0.0012004801920768306,0.0,197
athens,0.0012004801920768306,0.0,0.0012004801920768306,0.0,197
Hayley Yelling,0.0012004801920768306,0.0,0.003095975232198142,3.0248457669904643e-223,5
Jo Pavey,0.0012004801920768306,0.0,0.003095975232198142,3.0248457669904643e-223,5
Fiat,0.0012004801920768306,0.0,0.0012004801920768306,0.0,79
James Beattie,0.0012004801920768306,0.0,0.0016006402561024409,8.3475e-318,56
William Gallas,0.0012004801920768306,0.0,0.0016006402561024409,8.3475e-318,56
Dunne,0.0012004801920768306,0.0,0.0021608643457382954,9.398357089795751e-272,25
gate,0.0012004801920768306,0.0,0.0012004801920768306,0.0,283
McManaman,0.0012004801920768306,0.0,0.0021608643457382954,9.398357089795751e-272,25
mourinho,0.0012004801920768306,0.0,0.0012004801920768306,0.0,198
Willian Gallas,0.0012004801920768306,0.0,0.0012004801920768306,0.0,198
John Arne Riise,0.0012004801920768306,0.0,0.011233525668331848,1.2829650004114595e-05,3
Hyundai,0.0012004801920768306,0.0,0.0012004801920768306,0.0,80
Hyundai Motor,0.0012004801920768306,0.0,0.0012004801920768306,0.0,80
Dietmar Hamann,0.0012004801920768306,0.0,0.009763718571540764,2.911793491620435e-06,3
Nunez,0.0012004801920768306,0.0,0.0012004801920768306,0.0,199
cech,0.0012004801920768306,0.0,0.0012004801920768306,0.0,199
davy,0.0012004801920768306,0.0,0.0012004801920768306,0.0,200
Giannakopoulos,0.0012004801920768306,0.0,0.0012004801920768306,0.0,200
Fernando Hierro,0.0012004801920768306,0.0,0.0012004801920768306,0.0,201
Dyer on the edge of the area,0.0012004801920768306,0.0,0.0012004801920768306,0.0,201
Lee Bowyer,0.0012004801920768306,0.0,0.001800720288115246,1.1248149210956423e-287,20
Alan Archibald,0.0012004801920768306,0.0,0.0012004801920768306,0.0,202
United,0.0012004801920768306,0.0,0.0012004801920768306,0.0,202
Clyde 0 - 5 Celtic Celtic,0.0012004801920768306,0.0,0.0012004801920768306,0.0,203
Clyde,0.0012004801920768306,0.0,0.0012004801920768306,0.0,203
Maloney,0.0012004801920768306,0.0,0.0012004801920768306,0.0,204
Sutton,0.0012004801920768306,0.0,0.0012004801920768306,0.0,204
Stan Varga,0.0012004801920768306,0.0,0.001920768307322929,7.412250542764757e-272,17
fao,0.0012004801920768306,0.0,0.0012004801920768306,0.0,81
Gus Bahoken,0.0012004801920768306,0.0,0.0012004801920768306,0.0,205
Miller,0.0012004801920768306,0.0,0.0012004801920768306,0.0,205
Neil MacFarlane,0.0012004801920768306,0.0,0.0012004801920768306,0.0,206
Burton O'Brien,0.0012004801920768306,0.0,0.0012004801920768306,0.0,206
the World Trade Organisation,0.0012004801920768306,0.0,0.0012004801920768306,0.0,81
galla,0.0012004801920768306,0.0,0.01890892103447714,0.005349292648786176,1
Colin Powell,0.0012004801920768306,0.0,0.0012004801920768306,0.0,82
the West Bank,0.0012004801920768306,0.0,0.0012004801920768306,0.0,82
Parry,0.0012004801920768306,0.0,0.011233525668331848,1.2829650004114595e-05,3
VEB,0.0012004801920768306,0.0,0.003460207612456747,3.367068349980458e-212,4
Carragher,0.0012004801920768306,0.0,0.016658039362534002,0.031301085680601075,0
SEC,0.0012004801920768306,0.0,0.0012004801920768306,0.0,83
Titan,0.0012004801920768306,0.0,0.0012004801920768306,0.0,83
Elliot Spitzer,0.0012004801920768306,0.0,0.0012004801920768306,0.0,84
Mladenovic,0.0012004801920768306,0.0,0.0012004801920768306,0.0,207
Mikel Arteta,0.0012004801920768306,0.0,0.0012004801920768306,0.0,207
Fernando Torres,0.0012004801920768306,0.0,0.0012004801920768306,0.0,208
athletico,0.0012004801920768306,0.0,0.0012004801920768306,0.0,208
MMC Capital,0.0012004801920768306,0.0,0.0012004801920768306,0.0,84
Reid Weingarten,0.0012004801920768306,0.0,0.0016006402561024409,8.3475e-318,34
Peter Kenyon,0.0012004801920768306,0.0,0.0024009603841536613,2.5680643983024197e-256,16
Ebbers,0.0012004801920768306,0.0,0.0016006402561024409,8.3475e-318,34
Yugansk,0.0012004801920768306,0.0,0.0024009603841536613,2.5680643983024218e-256,11
sibneft,0.0012004801920768306,0.0,0.003460207612456747,3.367068349980458e-212,4
panke,0.0012004801920768306,0.0,0.0012004801920768306,0.0,85
Iran,0.0012004801920768306,0.0,0.0012004801920768306,0.0,209
Arash Miresmaeili,0.0012004801920768306,0.0,0.0012004801920768306,0.0,209
Vieira,0.0012004801920768306,0.0,0.0024009603841536613,2.5680643983024197e-256,13
Accura,0.0012004801920768306,0.0,0.0012004801920768306,0.0,85
Damien Duff,0.0012004801920768306,0.0,0.0021608643457382954,9.398357089795751e-272,27
Jiri Jarosik,0.0012004801920768306,0.0,0.0021608643457382954,9.398357089795751e-272,27
Dado Prso,0.0012004801920768306,0.0,0.0012004801920768306,0.0,210
Neil Lennon,0.0012004801920768306,0.0,0.0012004801920768306,0.0,210
hartson,0.0012004801920768306,0.0,0.0012004801920768306,0.0,211
Sotiris Kyrgiakos,0.0012004801920768306,0.0,0.0012004801920768306,0.0,211
the European Commission,0.0012004801920768306,0.0,0.0012004801920768306,0.0,86
michel,0.0012004801920768306,0.0,0.0012004801920768306,0.0,212
dutch,0.0012004801920768306,0.0,0.0012004801920768306,0.0,212
Ivan Helguera,0.0012004801920768306,0.0,0.0012004801920768306,0.0,213
Antonio Doblas,0.0012004801920768306,0.0,0.0012004801920768306,0.0,213
Milan,0.0012004801920768306,0.0,0.0012004801920768306,0.0,214
Juventus,0.0012004801920768306,0.0,0.0012004801920768306,0.0,214
Kok,0.0012004801920768306,0.0,0.0012004801920768306,0.0,86
Jerzy Dudek,0.0012004801920768306,0.0,0.0016006402561024409,8.3475e-318,57
red,0.0012004801920768306,0.0,0.0012004801920768306,0.0,215
Rafael Benitez,0.0012004801920768306,0.0,0.0012004801920768306,0.0,215
Carlton Cole,0.0012004801920768306,0.0,0.0024009603841536613,2.5680643983024197e-256,16
Arsene Wenger,0.0012004801920768306,0.0,0.0012004801920768306,0.0,216
Quincy Owusu - Abeyie,0.0012004801920768306,0.0,0.0012004801920768306,0.0,216
Jol,0.0012004801920768306,0.0,0.0016006402561024409,8.3475e-318,58
a Memorandum of Understanding,0.0012004801920768306,0.0,0.0012004801920768306,0.0,76
Bobby Robson,0.0012004801920768306,0.0,0.002134187008136588,1.9655113969539175e-256,16
cadillac,0.0012004801920768306,0.0,0.0012004801920768306,0.0,87
Simon Royce,0.0012004801920768306,0.0,0.0024009603841536613,2.5680643983024218e-256,18
holloway,0.0012004801920768306,0.0,0.0012004801920768306,0.0,217
Tom Doherty,0.0012004801920768306,0.0,0.0012004801920768306,0.0,217
Carlo Cudicini,0.0012004801920768306,0.0,0.001800720288115246,1.1248149210956407e-287,26
Druyun,0.0012004801920768306,0.0,0.003001200480192077,8.496161910049672e-228,7
Kevin Keegan,0.0012004801920768306,0.0,0.0012004801920768306,0.0,218
Robbie Fowler,0.0012004801920768306,0.0,0.0012004801920768306,0.0,218
success,0.0012004801920768306,0.0,0.0012004801920768306,0.0,219
rover,0.0012004801920768306,0.0,0.0012004801920768306,0.0,219
David Prutton,0.0012004801920768306,0.0,0.0012004801920768306,0.0,220
Alan Wiley,0.0012004801920768306,0.0,0.0012004801920768306,0.0,220
Barcelona,0.0012004801920768306,0.0,0.009763718571540764,2.911793491620435e-06,3
sear,0.0012004801920768306,0.0,0.003001200480192077,8.496161910049672e-228,7
leicester,0.0012004801920768306,0.0,0.0024009603841536613,2.5680643983024218e-256,18
Sam Allardyce,0.0012004801920768306,0.0,0.0012004801920768306,0.0,221
Vincent Candela,0.0012004801920768306,0.0,0.0012004801920768306,0.0,221
Stuart,0.0012004801920768306,0.0,0.0012004801920768306,0.0,222
norwich,0.0012004801920768306,0.0,0.0012004801920768306,0.0,222
martin,0.0012004801920768306,0.0,0.003001200480192077,8.496161910049672e-228,7
Bafana Bafana,0.0012004801920768306,0.0,0.0016006402561024409,8.3475e-318,59
madagascar,0.0012004801920768306,0.0,0.0016006402561024409,8.3475e-318,59
Irishmen JP McManus,0.0012004801920768306,0.0,0.0016006402561024409,8.3475e-318,35
Lesotho,0.0012004801920768306,0.0,0.0016006402561024409,8.3475e-318,60
Malawi,0.0012004801920768306,0.0,0.0016006402561024409,8.3475e-318,60
Jurgen Klinsmann,0.0012004801920768306,0.0,0.0012004801920768306,0.0,223
Jens Lehmann,0.0012004801920768306,0.0,0.0012004801920768306,0.0,223
Henry,0.0012004801920768306,0.0,0.0012004801920768306,0.0,224
heinze,0.0012004801920768306,0.0,0.0012004801920768306,0.0,224
Ipswich,0.0012004801920768306,0.0,0.002134187008136588,1.9655113969539193e-256,18
John Magnier,0.0012004801920768306,0.0,0.0016006402561024409,8.3475e-318,35
watford,0.0012004801920768306,0.0,0.001800720288115246,1.1248149210956407e-287,26
Brighton,0.0012004801920768306,0.0,0.0016006402561024409,8.3475e-318,58
the Scottish Football Association,0.0012004801920768306,0.0,0.0012004801920768306,0.0,225
Tommy burn,0.0012004801920768306,0.0,0.0012004801920768306,0.0,225
Bernardo Gandulla,0.0012004801920768306,0.0,0.0012004801920768306,0.0,226
Boca Juniors,0.0012004801920768306,0.0,0.0012004801920768306,0.0,226
Maradona,0.0012004801920768306,0.0,0.0012004801920768306,0.0,227
corinthian,0.0012004801920768306,0.0,0.0012004801920768306,0.0,227
Naresh Goya,0.0012004801920768306,0.0,0.0012004801920768306,0.0,88
kerr,0.0012004801920768306,0.0,0.0012004801920768306,0.0,228
Mick McCarthy,0.0012004801920768306,0.0,0.0012004801920768306,0.0,228
Jet Airways,0.0012004801920768306,0.0,0.0012004801920768306,0.0,88
Jimmy Floyd Hasselbaink,0.0012004801920768306,0.0,0.0016006402561024409,8.3475e-318,61
Stewart Downing,0.0012004801920768306,0.0,0.0016006402561024409,8.3475e-318,61
Alex Ferguson,0.0012004801920768306,0.0,0.0012004801920768306,0.0,229
Neale Barry,0.0012004801920768306,0.0,0.0012004801920768306,0.0,229
Demel,0.0012004801920768306,0.0,0.0012004801920768306,0.0,89
Millwall Liverpool,0.0012004801920768306,0.0,0.01266324711702863,4.237856647040859e-05,3
gill,0.0012004801920768306,0.0,0.0012004801920768306,0.0,230
Dein,0.0012004801920768306,0.0,0.0012004801920768306,0.0,230
Ruud van Nistelrooy,0.0012004801920768306,0.0,0.0012004801920768306,0.0,231
Ashley Cole,0.0012004801920768306,0.0,0.0012004801920768306,0.0,231
Fiat Auto,0.0012004801920768306,0.0,0.0012004801920768306,0.0,89
Gerrard,0.0012004801920768306,0.0,0.0016006402561024409,8.3475e-318,57
FA Cup,0.0012004801920768306,0.0,0.012437117704224546,0.00016377971445030842,1
Jones,0.0012004801920768306,0.0,0.0021608643457382954,9.398357089795751e-272,25
Chicago Cubs,0.0012004801920768306,0.0,0.0012004801920768306,0.0,232
Nomar Garciaparra,0.0012004801920768306,0.0,0.0012004801920768306,0.0,232
ETA,0.0012004801920768306,0.0,0.0012004801920768306,0.0,233
bernabeu,0.0012004801920768306,0.0,0.0012004801920768306,0.0,233
Mark Taylor,0.0012004801920768306,0.0,0.0012004801920768306,0.0,234
lorimer,0.0012004801920768306,0.0,0.0012004801920768306,0.0,234
Dundee United,0.0012004801920768306,0.0,0.001920768307322929,7.412250542764757e-272,17
Sergio Marchionne,0.0012004801920768306,0.0,0.0012004801920768306,0.0,90
Steven Gerrard,0.0012004801920768306,0.0,0.011233525668331848,1.2829650004114595e-05,3
o'leary,0.0012004801920768306,0.0,0.0012004801920768306,0.0,235
Olof Mellberg,0.0012004801920768306,0.0,0.0012004801920768306,0.0,235
Neil Mellor,0.0012004801920768306,0.0,0.011233525668331848,1.2829650004114595e-05,3
pompey,0.0012004801920768306,0.0,0.0012004801920768306,0.0,236
Arsenal,0.0012004801920768306,0.0,0.0012004801920768306,0.0,236
Roy Keane,0.0012004801920768306,0.0,0.014311203933628246,0.0001738945037025667,3
o'driscoll,0.0012004801920768306,0.0,0.01671548619447779,0.0032655138101157243,1
Williams,0.0012004801920768306,0.0,0.0012004801920768306,0.0,237
Thomas,0.0012004801920768306,0.0,0.0012004801920768306,0.0,237
Joe Shaw,0.0012004801920768306,0.0,0.0012004801920768306,0.0,238
Dave Walder,0.0012004801920768306,0.0,0.0012004801920768306,0.0,238
the Scottish Rugby Union,0.0012004801920768306,0.0,0.0012004801920768306,0.0,239
Matt Williams,0.0012004801920768306,0.0,0.0012004801920768306,0.0,239
John Connolly,0.0012004801920768306,0.0,0.0012004801920768306,0.0,240
barkley,0.0012004801920768306,0.0,0.0012004801920768306,0.0,240
Charlie Hodgson,0.0012004801920768306,0.0,0.018572762438308656,0.004775486015159711,1
Serge Betsen,0.0012004801920768306,0.0,0.01890892103447714,0.005349292648786176,1
Herbert Demel,0.0012004801920768306,0.0,0.0012004801920768306,0.0,90
the European Court of Human Rights,0.0012004801920768306,0.0,0.0028011204481792713,1.6252702727161267e-212,4
Duncan Bell,0.0012004801920768306,0.0,0.003334667200213419,1.0554119665254918e-208,8
Beijing,0.0012004801920768306,0.0,0.0012004801920768306,0.0,91
Kirwan,0.0012004801920768306,0.0,0.0012004801920768306,0.0,241
Cristian Stoica,0.0012004801920768306,0.0,0.0012004801920768306,0.0,241
Simon Webster,0.0012004801920768306,0.0,0.0012004801920768306,0.0,242
Simon Danielli,0.0012004801920768306,0.0,0.0012004801920768306,0.0,242
Sina,0.0012004801920768306,0.0,0.0012004801920768306,0.0,91
Ed Kalman,0.0012004801920768306,0.0,0.0016006402561024409,8.3475e-318,62
Tom McGee,0.0012004801920768306,0.0,0.0016006402561024409,8.3475e-318,62
Tim Collier,0.0012004801920768306,0.0,0.0012004801920768306,0.0,243
Phil Murphy,0.0012004801920768306,0.0,0.0012004801920768306,0.0,243
Bernard Laporte,0.0012004801920768306,0.0,0.0012004801920768306,0.0,244
Frederic Michalak,0.0012004801920768306,0.0,0.0012004801920768306,0.0,244
the six nation,0.0012004801920768306,0.0,0.01890892103447714,0.005349292648786176,1
Tama Umaga,0.0012004801920768306,0.0,0.0012004801920768306,0.0,245
Irish Lions,0.0012004801920768306,0.0,0.0012004801920768306,0.0,245
Umaga,0.0012004801920768306,0.0,0.0012004801920768306,0.0,246
New Zealand,0.0012004801920768306,0.0,0.0012004801920768306,0.0,246
Jonathan Kaplan,0.0012004801920768306,0.0,0.003334667200213419,1.0554119665254918e-208,8
Campese,0.0012004801920768306,0.0,0.01849058207353738,0.0031719063143054193,1
George Gregan,0.0012004801920768306,0.0,0.0012004801920768306,0.0,247
south,0.0012004801920768306,0.0,0.0012004801920768306,0.0,247
Parker,0.0012004801920768306,0.0,0.018572762438308656,0.004775486015159711,1
Stevens,0.0012004801920768306,0.0,0.0012004801920768306,0.0,248
Matt Stevens,0.0012004801920768306,0.0,0.0012004801920768306,0.0,248
corry,0.0012004801920768306,0.0,0.014978034224442464,0.0011397986917319465,1
NM Rothschild,0.0012004801920768306,0.0,0.0012004801920768306,0.0,92
the Rugby Football Union,0.0012004801920768306,0.0,0.014978034224442464,0.0011397986917319465,1
Andy Hazell,0.0012004801920768306,0.0,0.003334667200213419,1.0554119665254918e-208,8
Ben Kay,0.0012004801920768306,0.0,0.0012004801920768306,0.0,249
Steve Borthwick,0.0012004801920768306,0.0,0.0012004801920768306,0.0,249
Grand Slam,0.0012004801920768306,0.0,0.01671548619447779,0.0032655138101157243,1
Doyle,0.0012004801920768306,0.0,0.01671548619447779,0.0032655138101157243,1
glazer,0.0012004801920768306,0.0,0.0012004801920768306,0.0,92
Ben Gollings,0.0012004801920768306,0.0,0.0016006402561024409,8.3475e-318,63
Lucio Lopez Fleming,0.0012004801920768306,0.0,0.0016006402561024409,8.3475e-318,63
barbarian,0.0012004801920768306,0.0,0.0012004801920768306,0.0,250
the all Blacks 23 - 11,0.0012004801920768306,0.0,0.0012004801920768306,0.0,250
Llanelli,0.0012004801920768306,0.0,0.0021608643457382954,9.398357089795751e-272,27
Maori,0.0012004801920768306,0.0,0.0012004801920768306,0.0,251
Joe Warbrick,0.0012004801920768306,0.0,0.0012004801920768306,0.0,251
Nelson Town,0.0012004801920768306,0.0,0.0012004801920768306,0.0,252
Nelson College,0.0012004801920768306,0.0,0.0012004801920768306,0.0,252
the All black,0.0012004801920768306,0.0,0.01849058207353738,0.0031719063143054193,1
Andy Goode,0.0012004801920768306,0.0,0.0012004801920768306,0.0,253
tiger,0.0012004801920768306,0.0,0.0012004801920768306,0.0,253
Roger Wilson,0.0012004801920768306,0.0,0.0021608643457382954,9.398357089795751e-272,28
Ronan McCormack,0.0012004801920768306,0.0,0.0021608643457382954,9.398357089795751e-272,28
Greenspan,0.0012004801920768306,0.0,0.02187622036766514,0.1385543301117518,0
Pumas,0.0012004801920768306,0.0,0.015195896540434354,0.0016919459368181034,1
samoa,0.0012004801920768306,0.0,0.015086178875882482,0.0012140655056461585,1
Dawson,0.0012004801920768306,0.0,0.003334667200213419,1.0554119665254918e-208,8
test,0.0012004801920768306,0.0,0.003334667200213419,1.0554119665254918e-208,8
Dallaglio,0.0012004801920768306,0.0,0.001800720288115246,1.1248149210956423e-287,32
Bath Bath,0.0012004801920768306,0.0,0.0012004801920768306,0.0,254
Andy Williams,0.0012004801920768306,0.0,0.0012004801920768306,0.0,254
St Helens,0.0012004801920768306,0.0,0.0012004801920768306,0.0,255
Sonny Bill Williams,0.0012004801920768306,0.0,0.0012004801920768306,0.0,255
Ronan O'Gara,0.0012004801920768306,0.0,0.01487142899864572,0.0010838354198132378,1
Ulster,0.0012004801920768306,0.0,0.0012004801920768306,0.0,256
Gloucester,0.0012004801920768306,0.0,0.0012004801920768306,0.0,256
another Six Nations Grand Slam,0.0012004801920768306,0.0,0.01890892103447714,0.005349292648786176,1
Dimitri Yachvili,0.0012004801920768306,0.0,0.01890892103447714,0.005349292648786176,1
Yachvili,0.0012004801920768306,0.0,0.01890892103447714,0.005349292648786176,1
Wilkinson,0.0012004801920768306,0.0,0.018572762438308656,0.004775486015159711,1
Johnny O'Connor,0.0012004801920768306,0.0,0.0012004801920768306,0.0,257
Denis Leamy,0.0012004801920768306,0.0,0.0012004801920768306,0.0,257
greenspan,0.0012004801920768306,0.0,0.013652077372302304,0.008873881729206765,0
ghosn,0.0012004801920768306,0.0,0.0016006402561024409,8.3475e-318,36
Toshiyuki Shiga,0.0012004801920768306,0.0,0.0016006402561024409,8.3475e-318,36
San Jose,0.0012004801920768306,0.0,0.0021608643457382954,9.398357089795751e-272,29
Frank Dancevic,0.0012004801920768306,0.0,0.0012004801920768306,0.0,258
American Jeff Morrison 4 - 6 7 - 6,0.0012004801920768306,0.0,0.0012004801920768306,0.0,258
Kenneth Carlsen,0.0012004801920768306,0.0,0.0012004801920768306,0.0,259
Irakli Labadze,0.0012004801920768306,0.0,0.0012004801920768306,0.0,259
Kevin Kim,0.0012004801920768306,0.0,0.0012004801920768306,0.0,260
Jan Hernych,0.0012004801920768306,0.0,0.0012004801920768306,0.0,260
Melzer,0.0012004801920768306,0.0,0.0021608643457382954,9.398357089795751e-272,29
Ukraine,0.0012004801920768306,0.0,0.0012004801920768306,0.0,93
Rainer Schuettler 7 - 5,0.0012004801920768306,0.0,0.0016006402561024409,8.3475e-318,64
argentine,0.0012004801920768306,0.0,0.0016006402561024409,8.3475e-318,65
Leonid Kuchma,0.0012004801920768306,0.0,0.0012004801920768306,0.0,93
Calleri,0.0012004801920768306,0.0,0.0016006402561024409,8.3475e-318,65
Bayern Munich,0.0012004801920768306,0.0,0.0012004801920768306,0.0,94
Jie Zheng 6 - 2 7 - 5,0.0012004801920768306,0.0,0.0016006402561024409,8.3475e-318,66
Borussia Dortmund,0.0012004801920768306,0.0,0.0012004801920768306,0.0,94
Patty Schnyder,0.0012004801920768306,0.0,0.015420190216307923,0.0013498754735518299,1
Lindsay Davenport,0.0012004801920768306,0.0,0.0012004801920768306,0.0,261
Wimbledon,0.0012004801920768306,0.0,0.0012004801920768306,0.0,261
the Russian Federation,0.0012004801920768306,0.0,0.002134187008136588,1.9655113969539193e-256,11
Jelena Jankovic,0.0012004801920768306,0.0,0.0021608643457382954,9.398357089795751e-272,30
Silvia Farina Elia,0.0012004801920768306,0.0,0.0021608643457382954,9.398357089795751e-272,30
Selima Sfar 2,0.0012004801920768306,0.0,0.0016006402561024409,8.3475e-318,64
Slovakian,0.0012004801920768306,0.0,0.0016006402561024409,8.3475e-318,67
Lloyd 's of London,0.0012004801920768306,0.0,0.0016006402561024409,8.3475e-318,37
Henman,0.0012004801920768306,0.0,0.0035540532002274593,2.1191206755220857e-169,2
Prettejohn,0.0012004801920768306,0.0,0.0016006402561024409,8.3475e-318,37
Jelena Kostanic,0.0012004801920768306,0.0,0.0021608643457382954,9.398357089795751e-272,30
Nicole Pratt,0.0012004801920768306,0.0,0.0012004801920768306,0.0,262
tunisian,0.0012004801920768306,0.0,0.0012004801920768306,0.0,262
morrow,0.0012004801920768306,0.0,0.0012004801920768306,0.0,95
safin,0.0012004801920768306,0.0,0.0012004801920768306,0.0,263
hewitt,0.0012004801920768306,0.0,0.0012004801920768306,0.0,263
Sprem,0.0012004801920768306,0.0,0.0016006402561024409,8.3475e-318,67
Shiro Tsuda,0.0012004801920768306,0.0,0.0012004801920768306,0.0,95
Alex Bogdanovic,0.0012004801920768306,0.0,0.0016006402561024409,8.3475e-318,68
Andrew Murray,0.0012004801920768306,0.0,0.0016006402561024409,8.3475e-318,68
South Korea,0.0012004801920768306,0.0,0.0012004801920768306,0.0,96
Alicia Molik,0.0012004801920768306,0.0,0.0016006402561024409,8.3475e-318,69
Economy Ministry,0.0012004801920768306,0.0,0.0012004801920768306,0.0,96
chilean,0.0012004801920768306,0.0,0.0012004801920768306,0.0,264
Juan Ignacio Chela,0.0012004801920768306,0.0,0.0012004801920768306,0.0,264
rochu,0.0012004801920768306,0.0,0.0012004801920768306,0.0,265
Coria,0.0012004801920768306,0.0,0.0012004801920768306,0.0,265
Dominik Hrbaty,0.0012004801920768306,0.0,0.0012004801920768306,0.0,266
Guillermo Coria,0.0012004801920768306,0.0,0.0012004801920768306,0.0,266
Karina Habsudova,0.0012004801920768306,0.0,0.01890892103447714,0.005349292648786176,1
Karol Kucera,0.0012004801920768306,0.0,0.01890892103447714,0.005349292648786176,1
LSE,0.0012004801920768306,0.0,0.001920768307322929,7.412250542764765e-272,10
the Hopman Cup,0.0012004801920768306,0.0,0.011738403226459122,0.00017779335463475915,1
Cup,0.0012004801920768306,0.0,0.011738403226459122,0.00017779335463475915,1
Clara Furse,0.0012004801920768306,0.0,0.0016006402561024409,8.3475e-318,38
Lisa Raymond 7 - 5,0.0012004801920768306,0.0,0.0016006402561024409,8.3475e-318,70
Spaniard Costa,0.0012004801920768306,0.0,0.0012004801920768306,0.0,267
Croatian Ivan Ljubicic,0.0012004801920768306,0.0,0.0012004801920768306,0.0,267
navratilova,0.0012004801920768306,0.0,0.0016006402561024409,8.3475e-318,70
million,0.0012004801920768306,0.0,0.0012004801920768306,0.0,97
Thomas Johansson,0.0012004801920768306,0.0,0.002134187008136588,1.9655113969539166e-256,19
million of the world 's,0.0012004801920768306,0.0,0.0012004801920768306,0.0,97
Greg Rusedski,0.0012004801920768306,0.0,0.0024009603841536613,2.5680643983024176e-256,19
the Securities & Exchange Commission,0.0012004801920768306,0.0,0.0027439547247470413,6.514567294102339e-237,12
the Davis Cup,0.0012004801920768306,0.0,0.014978034224442464,0.0011397986917319465,1
Paul Tellier,0.0012004801920768306,0.0,0.0012004801920768306,0.0,98
the Sydney International,0.0012004801920768306,0.0,0.0016006402561024409,8.3475e-318,71
Melbourne Jennifer Capriati,0.0012004801920768306,0.0,0.0016006402561024409,8.3475e-318,71
Andre Agassi,0.0012004801920768306,0.0,0.0012004801920768306,0.0,268
Nicolas Massu,0.0012004801920768306,0.0,0.0012004801920768306,0.0,268
Ivan Ljubicic,0.0012004801920768306,0.0,0.0056272509003601435,3.171194424272693e-168,2
Bombardier,0.0012004801920768306,0.0,0.0012004801920768306,0.0,98
gammell,0.0012004801920768306,0.0,0.0012004801920768306,0.0,99
Aishwariya,0.0012004801920768306,0.0,0.0012004801920768306,0.0,99
Noel Forgeard,0.0012004801920768306,0.0,0.002501000400160064,5.336027488091731e-228,7
Baikal Finance Group,0.0012004801920768306,0.0,0.0024009603841536613,2.5680643983024218e-256,11
Khodorkovsky,0.0012004801920768306,0.0,0.003460207612456747,2.8484907503450547e-212,4
american,0.0012004801920768306,0.0,0.0012004801920768306,0.0,269
rusedski,0.0012004801920768306,0.0,0.0012004801920768306,0.0,269
Venus Williams,0.0012004801920768306,0.0,0.0016006402561024409,8.3475e-318,66
Arnaud clement,0.0012004801920768306,0.0,0.004501800720288115,1.4259675432568273e-168,2
Mauresmo,0.0012004801920768306,0.0,0.0016006402561024409,8.3475e-318,69
scottish,0.0012004801920768306,0.0,0.001800720288115246,1.1248149210956423e-287,20
Rainer Schuettler,0.0012004801920768306,0.0,0.0021608643457382954,9.398357089795751e-272,29
Gaston Gaudio,0.0012004801920768306,0.0,0.0012004801920768306,0.0,270
Justin Gimelstob 7 - 6,0.0012004801920768306,0.0,0.0012004801920768306,0.0,270
federer,0.0012004801920768306,0.0,0.005002000800320128,1.496491453714629e-168,2
euronext,0.0012004801920768306,0.0,0.001920768307322929,7.412250542764765e-272,10
gilbert,0.0012004801920768306,0.0,0.005002000800320128,1.496491453714629e-168,2
Lleyton,0.0012004801920768306,0.0,0.0024009603841536613,2.5680643983024176e-256,19
nadal,0.0012004801920768306,0.0,0.005002000800320128,1.496491453714629e-168,2
Roche,0.0012004801920768306,0.0,0.0012004801920768306,0.0,271
the French Open,0.0012004801920768306,0.0,0.0012004801920768306,0.0,271
Maria Sharapova,0.0012004801920768306,0.0,0.012779423696083937,0.00030636522563949153,1
Franklin Raines,0.0012004801920768306,0.0,0.0027439547247470413,6.514567294102339e-237,12
Elena Dementieva,0.0012004801920768306,0.0,0.015420190216307923,0.0013498754735518299,1
Daniela Hantuchova,0.0012004801920768306,0.0,0.0012004801920768306,0.0,272
Michaella Krajicek,0.0012004801920768306,0.0,0.0012004801920768306,0.0,272
peugeot,0.0012004801920768306,0.0,0.0012004801920768306,0.0,76
Moya,0.0012004801920768306,0.0,0.014978034224442464,0.0011397986917319465,1
USA,0.0012004801920768306,0.0,0.01506826797108885,0.010773719693571075,0
the Women 's Tennis Association,0.0012004801920768306,0.0,0.0012004801920768306,0.0,273
Kuznetsova,0.0012004801920768306,0.0,0.0012004801920768306,0.0,273
Robin Soderling,0.0012004801920768306,0.0,0.0012004801920768306,0.0,274
the Milan Indoors,0.0012004801920768306,0.0,0.0012004801920768306,0.0,274
Negroponte,0.0012004801920768306,0.0,0.0012004801920768306,0.0,275
be Digital,0.0012004801920768306,0.0,0.0012004801920768306,0.0,275
bafta,0.0012004801920768306,0.0,0.0027439547247470413,6.514567294102339e-237,14
the European Telecommunications Institute,0.0012004801920768306,0.0,0.0012004801920768306,0.0,276
Digital Video Broadcasting Handheld,0.0012004801920768306,0.0,0.0012004801920768306,0.0,276
Tim Howard,0.0012004801920768306,0.0,0.0027439547247470413,6.514567294102339e-237,12
Pyra Labs,0.0012004801920768306,0.0,0.0016006402561024409,8.3475e-318,75
raskin,0.0012004801920768306,0.0,0.0021608643457382954,9.398357089795751e-272,33
the Securities and Exchange Commission,0.0012004801920768306,0.0,0.0027439547247470413,6.514567294102339e-237,12
xerox PARC,0.0012004801920768306,0.0,0.0012004801920768306,0.0,277
GUI,0.0012004801920768306,0.0,0.0012004801920768306,0.0,277
tate,0.0012004801920768306,0.0,0.0012004801920768306,0.0,278
ArtGarden,0.0012004801920768306,0.0,0.0012004801920768306,0.0,278
Chris McIntyre,0.0012004801920768306,0.0,0.0012004801920768306,0.0,279
Podcast Alley,0.0012004801920768306,0.0,0.0012004801920768306,0.0,279
argonaut,0.0012004801920768306,0.0,0.0012004801920768306,0.0,280
David Rubin & Partners,0.0012004801920768306,0.0,0.0012004801920768306,0.0,280
Saab,0.0012004801920768306,0.0,0.0012004801920768306,0.0,87
the Consumer Electronics show,0.0012004801920768306,0.0,0.0012004801920768306,0.0,281
the Mozilla Foundation,0.0012004801920768306,0.0,0.0012004801920768306,0.0,282
Firefox,0.0012004801920768306,0.0,0.0012004801920768306,0.0,282
Vijay Mallya,0.0012004801920768306,0.0,0.0012004801920768306,0.0,100
caribbean,0.0012004801920768306,0.0,0.0016006402561024409,8.3475e-318,72
United States,0.0012004801920768306,0.0,0.0016006402561024409,8.3475e-318,72
ipod,0.0012004801920768306,0.0,0.0021608643457382954,9.398357089795751e-272,33
the United States,0.0012004801920768306,0.0,0.001800720288115246,1.1248149210956423e-287,32
Xbox,0.0012004801920768306,0.0,0.0012004801920768306,0.0,283
Google News,0.0012004801920768306,0.0,0.0027439547247470413,6.514567294102339e-237,9
Kingfisher Airlines,0.0012004801920768306,0.0,0.0012004801920768306,0.0,100
the Smallpox Research Grid,0.0012004801920768306,0.0,0.0016006402561024409,8.3475e-318,73
the Royal National Institute for Deaf People ( RNID,0.0012004801920768306,0.0,0.0012004801920768306,0.0,284
the Video Relay Service,0.0012004801920768306,0.0,0.0012004801920768306,0.0,284
Donkey Kong,0.0012004801920768306,0.0,0.0012004801920768306,0.0,285
Norman Cook,0.0012004801920768306,0.0,0.0012004801920768306,0.0,285
Tetris,0.0012004801920768306,0.0,0.0012004801920768306,0.0,286
kraftwerk,0.0012004801920768306,0.0,0.0012004801920768306,0.0,286
job,0.0012004801920768306,0.0,0.0016006402561024409,8.3475e-318,74
Chavez,0.0012004801920768306,0.0,0.0012004801920768306,0.0,101
Linux,0.0012004801920768306,0.0,0.0016006402561024409,8.3475e-318,73
Mac Mini,0.0012004801920768306,0.0,0.0021608643457382954,9.398357089795751e-272,33
the Mac Mini,0.0012004801920768306,0.0,0.0016006402561024409,8.3475e-318,74
Yahoo,0.0012004801920768306,0.0,0.0016006402561024409,8.3475e-318,75
Asimo,0.0012004801920768306,0.0,0.0012004801920768306,0.0,287
Germany,0.0012004801920768306,0.0,0.0012004801920768306,0.0,287
the Electronic Frontier Foundation,0.0012004801920768306,0.0,0.0012004801920768306,0.0,288
StreamCast network,0.0012004801920768306,0.0,0.0012004801920768306,0.0,288
Television Numerique,0.0012004801920768306,0.0,0.0012004801920768306,0.0,289
tous,0.0012004801920768306,0.0,0.0012004801920768306,0.0,289
Jemima Khan,0.0012004801920768306,0.0,0.0012004801920768306,0.0,290
Bill Gates,0.0012004801920768306,0.0,0.0012004801920768306,0.0,281
